USE shipping;

INSERT INTO ships
VALUES
("Gallant", 5096.32, "Daniel", "Wrightsworth", 264, "Vista",1998);

INSERT INTO ships
VALUES
("Vigilant", 8934.2, "Lee", "Plymouth", 487, "Vista",2015);

INSERT INTO ships
VALUES
("Daring", 13853.67, "Osment", "Laufey", 1434, "Clearbrook",2013);

INSERT INTO ships
VALUES
("Longevity", 35062.26, "Fred", "Smith", 2232, "Helvetica",2006);

INSERT INTO ships
VALUES
("Bravehearted", 10456.04, "Helga", "Kester", 1086, "Helvetica",2009);

INSERT INTO ships
VALUES
("Ovation", 3582.65, "Kendrick", "Polka", 182, "Stockton",2000);

INSERT INTO ships
VALUES
("Vibrant", 7417.06, "Stanley", "Stevenson", 635, "Stockton",1995);

INSERT INTO ships
VALUES
("Brilliant", 2584.24, "Maura", "Byrne", 253, "Stockton",2008);

INSERT INTO ships
VALUES
("Staunch", 7824.29, "Lacey", "Claudia", 856, "Damuel",2015);

INSERT INTO ships
VALUES
("Knightly", 24074.35, "Ezekiel", "Davis", 1274, "Damuel",2017);

INSERT INTO ports
VALUES
("Vista","Charleston","United States");

INSERT INTO ports
VALUES
("Clearbrook","Rotterdam","Netherlands");

INSERT INTO ports
VALUES
("Helvetica","Antwerp","Belgium");

INSERT INTO ports
VALUES
("Stockton","Busan","South Korea");

INSERT INTO ports
VALUES
("Damuel","Valencia","Spain");

INSERT INTO containers
VALUES
("0451",50,70,150,10000,"Gallant");

INSERT INTO containers
VALUES
("1756",50,70,150,8000,"Gallant");

INSERT INTO containers
VALUES
("9874",50,70,180,15000,"Vigilant");

INSERT INTO containers
VALUES
("2679",50,70,130,6000,"Vigilant");

INSERT INTO containers
VALUES
("3945",50,70,190,14500,"Daring");

INSERT INTO containers
VALUES
("8355",50,70,120,3500,"Daring");

INSERT INTO containers
VALUES
("2763",50,70,140,7500,"Longevity");

INSERT INTO containers
VALUES
("5672",50,70,120,13500,"Longevity");

INSERT INTO containers
VALUES
("8916",50,70,120,13500,"Bravehearted");

INSERT INTO containers
VALUES
("7364",50,70,120,13500,"Bravehearted");

INSERT INTO containers
VALUES
("5960",50,70,120,13500,"Bravehearted");

INSERT INTO containers
VALUES
("1267",50,70,120,13500,"Vibrant");

INSERT INTO containers
VALUES
("6377",50,70,120,13500,"Vibrant");

INSERT INTO containers
VALUES
("4676",50,70,120,13500,"Vibrant");

INSERT INTO containers
VALUES
("3553",50,70,120,13500,"Vibrant");

INSERT INTO containers
VALUES
("1996",50,70,120,13500,"Vibrant");

INSERT INTO containers
VALUES
("5555",50,70,120,13500,"Staunch");

INSERT INTO containers
VALUES
("3272",50,70,120,13500,"Staunch");

INSERT INTO containers
VALUES
("1272",50,70,120,13500,"Knightly");

INSERT INTO containers
VALUES
("1542",50,70,120,13500,null);